tau,n_high,n_low,ir_high,ir_low,rank_biserial,p_two_sided,reference_tau
0.389,52,11,0.29807692307692313,0.7181818181818183,-0.6678321678321678,0.0005185764145801262,False
0.44,50,13,0.278,0.7307692307692307,-0.716923076923077,7.069548412331666e-05,False
0.476,47,16,0.25744680851063834,0.70625,-0.6954787234042553,3.361332589533232e-05,False
0.5,47,16,0.25744680851063834,0.70625,-0.6954787234042553,3.361332589533232e-05,True
0.518,25,38,0.257,0.4467105263157895,-0.3410526315789474,0.02241208429077018,False
0.562,25,38,0.257,0.4467105263157895,-0.3410526315789474,0.02241208429077018,False
0.625,20,43,0.22875,0.4377906976744186,-0.36395348837209307,0.020444624244481516,False
0.628,16,47,0.1921875,0.4324468085106382,-0.42154255319148937,0.012047705972611782,False
0.75,14,49,0.17500000000000002,0.42755102040816323,-0.42128279883381925,0.016583106983555623,False
0.794,10,53,0.205,0.4028301886792453,-0.3188679245283019,0.11183606033525831,False
0.812,10,53,0.205,0.4028301886792453,-0.3188679245283019,0.11183606033525831,False
