outcome,contrast,label,risk_difference,ci_lo,ci_hi,p_model_signflip,models_improved,n_models,p_holm
vulnerable,reminder - baseline,H3  generic security reminder,-0.13253968253968257,-0.19564484126984125,-0.07698412698412697,0.00390625,9,9,0.03515625
vulnerable,ctx_irrelevant - baseline,ctrl irrelevant security notes,-0.03333333333333333,-0.06389880952380951,-0.0015873015873015834,0.0078125,8,9,0.0390625
vulnerable,rag_dense - baseline,"H4  dense RAG, mixed corpus",-0.07182539682539683,-0.12301587301587301,-0.02619047619047619,0.00390625,9,9,0.03515625
vulnerable,rag_hybrid - baseline,"H4  hybrid RAG, mixed corpus",-0.06111111111111111,-0.10238095238095238,-0.023412698412698413,0.0078125,8,9,0.0390625
vulnerable,rag_oracle - baseline,ref  oracle RAG (target-CWE notes),-0.08214285714285714,-0.14404761904761904,-0.022212301587301638,0.00390625,9,9,0.03515625
vulnerable,rag_dense - reminder,H4b dense RAG beyond a reminder,0.060714285714285714,0.02142857142857143,0.10515873015873016,0.00390625,0,9,0.03515625
vulnerable,rag_dense - ctx_irrelevant,H4c dense RAG beyond irrelevant notes,-0.03849206349206349,-0.08691468253968251,0.007936507936507936,0.046875,6,9,0.1171875
vulnerable,rag_hybrid - ctx_irrelevant,H4c hybrid RAG beyond irrelevant notes,-0.027777777777777776,-0.073015873015873,0.009126984126984126,0.0390625,7,9,0.1171875
vulnerable,rag_hybrid - rag_dense,H5  hybrid vs dense,0.010714285714285713,-0.01984126984126984,0.040089285714285654,0.1640625,2,9,0.1640625
secure_pass,reminder - baseline,H3  generic security reminder,0.01865079365079365,-0.03770833333333332,0.07777777777777778,0.18359375,7,9,1.0
secure_pass,ctx_irrelevant - baseline,ctrl irrelevant security notes,0.015476190476190475,-0.02223214285714284,0.05079365079365079,0.20703125,6,9,1.0
secure_pass,rag_dense - baseline,"H4  dense RAG, mixed corpus",0.009523809523809525,-0.03373015873015872,0.05238095238095238,0.484375,5,9,1.0
secure_pass,rag_hybrid - baseline,"H4  hybrid RAG, mixed corpus",-0.005158730158730159,-0.051597222222222204,0.04128968253968243,0.6796875,4,9,1.0
secure_pass,rag_oracle - baseline,ref  oracle RAG (target-CWE notes),0.024603174603174603,-0.027787698412698403,0.08016865079365075,0.1953125,6,9,1.0
secure_pass,rag_dense - reminder,H4b dense RAG beyond a reminder,-0.009126984126984131,-0.05080357142857141,0.033333333333333326,0.37890625,2,9,1.0
secure_pass,rag_dense - ctx_irrelevant,H4c dense RAG beyond irrelevant notes,-0.005952380952380951,-0.04801587301587301,0.03889880952380947,0.5078125,3,9,1.0
secure_pass,rag_hybrid - ctx_irrelevant,H4c hybrid RAG beyond irrelevant notes,-0.02063492063492063,-0.06627976190476188,0.02658730158730159,0.08203125,2,9,0.73828125
secure_pass,rag_hybrid - rag_dense,H5  hybrid vs dense,-0.014682539682539682,-0.04802579365079364,0.016666666666666666,0.1015625,2,9,0.8125
functional,reminder - baseline,H3  generic security reminder,-0.13214285714285715,-0.18969246031746032,-0.08252976190476195,0.00390625,0,9,0.03515625
functional,ctx_irrelevant - baseline,ctrl irrelevant security notes,-0.02301587301587301,-0.0611111111111111,0.013888888888888885,0.1171875,2,9,0.1796875
functional,rag_dense - baseline,"H4  dense RAG, mixed corpus",-0.0630952380952381,-0.1111111111111111,-0.020238095238095236,0.00390625,0,9,0.03515625
functional,rag_hybrid - baseline,"H4  hybrid RAG, mixed corpus",-0.07896825396825397,-0.12222222222222222,-0.04206349206349206,0.00390625,0,9,0.03515625
functional,rag_oracle - baseline,ref  oracle RAG (target-CWE notes),-0.06746031746031746,-0.11747023809523807,-0.025,0.00390625,0,9,0.03515625
functional,rag_dense - reminder,H4b dense RAG beyond a reminder,0.06904761904761904,0.01825396825396825,0.12261904761904761,0.0078125,8,9,0.0390625
functional,rag_dense - ctx_irrelevant,H4c dense RAG beyond irrelevant notes,-0.04007936507936507,-0.09722222222222222,0.013501984126984076,0.08984375,3,9,0.1796875
functional,rag_hybrid - ctx_irrelevant,H4c hybrid RAG beyond irrelevant notes,-0.055952380952380955,-0.10674603174603174,-0.009126984126984122,0.0234375,1,9,0.09375
functional,rag_hybrid - rag_dense,H5  hybrid vs dense,-0.015873015873015872,-0.055962301587301574,0.020248015873015824,0.04296875,2,9,0.12890625
