model,generations,tokens_out,gpu_hours,early_stop
Llama-3.2-3B,1680,373688,3.5952361111111113,0.9863095238095239
Mistral-7B-v0.3,1680,385315,7.106419444444445,0.9946428571428572
OLMo-3-7B,1680,412797,8.88341111111111,0.9535714285714286
Phi-4-mini-3.8B,1680,272269,3.0007472222222225,1.0
Qwen2.5-Coder-3B,1680,263404,2.058997222222222,0.9994047619047619
Qwen2.5-Coder-7B,1680,283650,5.123641666666667,0.9994047619047619
Qwen3.5-2B,1680,510077,8.654944444444444,0.861904761904762
Qwen3.5-4B,1680,445046,14.962769444444445,0.9285714285714286
Qwen3-4B,1680,395643,4.438822222222222,0.9797619047619047
