model,baseline_vulnerable,reminder_vulnerable,rag_dense_vulnerable,baseline_functional,reminder_functional,rag_dense_functional,baseline_secure_pass,reminder_secure_pass,rag_dense_secure_pass
Mistral-7B-v0.3,0.4178571428571428,-0.18571428571428572,-0.10714285714285714,0.6928571428571428,-0.19285714285714287,-0.12857142857142856,0.36071428571428577,-0.010714285714285721,-0.021428571428571432
Qwen3.5-4B,0.2928571428571428,-0.14285714285714285,-0.08214285714285714,0.8785714285714287,-0.13214285714285715,-0.08214285714285716,0.5999999999999999,0.021428571428571425,-0.003571428571428565
Llama-3.2-3B,0.43928571428571433,-0.1392857142857143,-0.10357142857142855,0.7178571428571427,-0.060714285714285714,-0.04285714285714287,0.3464285714285714,0.075,0.049999999999999996
Qwen2.5-Coder-3B,0.33571428571428574,-0.042857142857142864,-0.00714285714285714,0.9035714285714286,-0.05357142857142857,-0.05714285714285715,0.5750000000000001,0.007142857142857144,-0.04642857142857144
Qwen2.5-Coder-7B,0.4,-0.1464285714285714,-0.07142857142857142,0.9285714285714286,-0.09285714285714285,-0.021428571428571436,0.5535714285714286,0.05714285714285715,0.049999999999999996
OLMo-3-7B,0.4321428571428572,-0.19285714285714284,-0.12500000000000003,0.7535714285714287,-0.20714285714285716,-0.11428571428571425,0.375,0.021428571428571425,0.014285714285714287
Qwen3-4B,0.3607142857142857,-0.19642857142857142,-0.07142857142857142,0.7857142857142857,-0.1857142857142857,-0.010714285714285716,0.4428571428571429,0.04285714285714285,0.04642857142857142
Phi-4-mini-3.8B,0.40714285714285714,-0.07857142857142858,-0.0642857142857143,0.9392857142857142,-0.11428571428571428,-0.06785714285714285,0.5428571428571428,0.007142857142857145,5.9476233462061954e-18
Qwen3.5-2B,0.2571428571428572,-0.06785714285714285,-0.014285714285714287,0.5357142857142857,-0.14999999999999997,-0.042857142857142864,0.32857142857142857,-0.05357142857142856,-0.0035714285714285665
