model,CWE-89,CWE-79,CWE-22,CWE-78,CWE-502,CWE-798,CWE-120,mean_K,K_mcq,K_det,TPR,TNR,K_explain,K_explain_scorer
Mistral-7B-v0.3,0.8125,0.4375,0.3263888888888889,0.9375,0.5069444444444444,0.5069444444444444,0.5625,0.5843253968253969,0.9365079365079365,0.23214285714285715,0.7857142857142857,0.44642857142857145,0.8571428571428571,0.8571428571428571
Qwen3.5-4B,1.0,0.8125,0.3263888888888889,0.5,0.9375,0.5625,0.75,0.6984126984126985,0.9682539682539683,0.42857142857142855,0.9642857142857143,0.4642857142857143,0.8571428571428571,1.0
Llama-3.2-3B,0.5833333333333333,0.3888888888888889,0.3888888888888889,0.8125,0.625,0.625,0.75,0.5962301587301587,0.888888888888889,0.30357142857142855,0.6785714285714286,0.625,0.6071428571428571,0.7142857142857143
Qwen2.5-Coder-3B,0.5,0.3888888888888889,0.3888888888888889,0.5,0.5,0.5,0.5,0.46825396825396826,0.9365079365079365,0.0,1.0,0.0,0.6428571428571429,0.8571428571428571
Qwen2.5-Coder-7B,0.6875,0.8125,0.3888888888888889,0.5,0.5,0.5625,0.5,0.564484126984127,0.9682539682539683,0.16071428571428573,1.0,0.16071428571428573,0.75,0.8571428571428571
OLMo-3-7B,0.4444444444444444,0.3888888888888889,0.4444444444444444,0.5,0.5,0.5,0.5,0.46825396825396826,0.9365079365079365,0.0,1.0,0.0,0.7142857142857143,0.8571428571428571
Qwen3-4B,0.8125,0.6319444444444444,0.3263888888888889,0.5625,0.75,0.5,0.625,0.6011904761904762,0.9523809523809523,0.25,0.9285714285714286,0.32142857142857145,0.7857142857142857,0.7857142857142857
Phi-4-mini-3.8B,1.0,0.5,0.4513888888888889,0.9375,0.75,0.4375,0.625,0.6716269841269842,0.9682539682539683,0.375,0.7142857142857143,0.6607142857142857,0.75,0.8571428571428571
Qwen3.5-2B,0.5,0.3333333333333333,0.3888888888888889,0.5,0.5,0.5,0.5,0.46031746031746035,0.9206349206349207,0.0,1.0,0.0,0.7142857142857143,0.7857142857142857
mean,0.7044753086419753,0.5216049382716048,0.38117283950617287,0.6388888888888888,0.6188271604938271,0.5216049382716049,0.5902777777777778,0.5681216931216931,0.9417989417989417,0.19444444444444445,0.8968253968253969,0.2976190476190476,0.7420634920634921,0.8412698412698413
