model,CWE-89,CWE-79,CWE-22,CWE-78,CWE-502,CWE-798,CWE-120,mean
Mistral-7B-v0.3,1.0,0.125,0.125,0.625,0.25,0.25,0.75,0.44642857142857145
Qwen3.5-4B,1.0,0.125,0.375,0.875,0.375,0.125,1.0,0.5535714285714286
Llama-3.2-3B,0.5,0.625,0.0,0.375,0.125,0.5,0.625,0.39285714285714285
Qwen2.5-Coder-3B,0.75,0.5,0.125,0.75,0.375,0.5,1.0,0.5714285714285714
Qwen2.5-Coder-7B,1.0,0.375,0.125,1.0,1.0,0.75,1.0,0.75
OLMo-3-7B,0.875,0.125,0.0,0.375,0.125,0.5,0.25,0.32142857142857145
Qwen3-4B,1.0,0.375,0.5,1.0,0.375,0.5,0.875,0.6607142857142857
Phi-4-mini-3.8B,1.0,0.375,0.375,1.0,0.625,0.375,0.875,0.6607142857142857
Qwen3.5-2B,0.625,0.125,0.0,0.125,0.125,0.0,0.375,0.19642857142857142
