model,CWE-89,CWE-79,CWE-22,CWE-78,CWE-502,CWE-798,CWE-120,mean,functional,secure_pass
Mistral-7B-v0.3,0.1,0.7,0.85,0.075,0.3,0.625,0.275,0.4178571428571428,0.6928571428571428,0.36071428571428577
Qwen3.5-4B,0.0,0.45,0.825,0.0,0.025,0.725,0.025,0.2928571428571428,0.8785714285714287,0.5999999999999999
Llama-3.2-3B,0.025,0.45,0.9,0.45,0.0,0.875,0.375,0.43928571428571433,0.7178571428571427,0.3464285714285714
Qwen2.5-Coder-3B,0.0,0.5,0.85,0.1,0.125,0.675,0.1,0.33571428571428574,0.9035714285714286,0.5750000000000001
Qwen2.5-Coder-7B,0.0,0.95,0.875,0.025,0.05,0.825,0.075,0.4,0.9285714285714286,0.5535714285714286
OLMo-3-7B,0.0,0.75,0.95,0.0,0.275,0.7,0.35,0.4321428571428572,0.7535714285714287,0.375
Qwen3-4B,0.0,0.625,0.75,0.0,0.0,0.775,0.375,0.3607142857142857,0.7857142857142857,0.4428571428571429
Phi-4-mini-3.8B,0.0,0.85,0.85,0.0,0.0,0.9,0.25,0.40714285714285714,0.9392857142857142,0.5428571428571428
Qwen3.5-2B,0.025,0.275,0.875,0.0,0.025,0.55,0.05,0.2571428571428572,0.5357142857142857,0.32857142857142857
mean,0.016666666666666666,0.6166666666666667,0.8583333333333333,0.07222222222222223,0.08888888888888889,0.7388888888888889,0.20833333333333337,0.37142857142857144,0.7928571428571428,0.4583333333333333
